"row","year","date","displayDate","datePrecision","certainty","title","summary","people","places","tags","view","works","crossReferences","sourceBook","sourceChapter","sourceLine","sourcePath","additionalSources","additionalSourcesJson","dataFile","id","eventJson"
"14001","2017","2017-03-21","2017年3月21日星期二","day","confirmed","李敖公开写出脑干恶性肿瘤，并说已做二十八次放射治疗","《2017年3月》写，李敖八十岁后不良于行，本以为只是老化，约一个月前才查出脑干恶性肿瘤；他又说自己已做二十八次放射治疗，并天天服用标靶药、类固醇和止痛药。此条是晚年病情线的重要公开节点。","李敖","台湾","脑干恶性肿瘤、放射治疗、标靶药、类固醇、不良于行","身体线、晚年线、医疗线","虽千万人，李敖往矣","sui-qianwan-2016-12-10-taxi-driver-recognizes-voice-and-li-ao-notes-bad-legs、sui-qianwan-2017-09-04-writes-will、li-ao-fangtanlu-2017-02-22-asia-weekly-home-visit-health-and-daqianji、li-ao-fangtanlu-2017-04-11-china-press-malaysia-friends-visit、li-ao-fangtanlu-2017-06-farewell-letter-and-zaijian-liao-plan","虽千万人，李敖往矣","052.2017年3月","85","《大李敖全集5.0》（wjm_tcy版）分章节/005.诗集语录类/005.虽千万人，李敖往矣/052.2017年3月.txt","李敖访谈录1990-2018 / 073.20170222《亚洲周刊》专访李敖 / line 33 / 说明：2月22日亚洲周刊夜访中，李敖已说明左腿无力、脑部肿瘤、电疗、吞咽影响与85本《大全集》计划。 / 《大李敖全集5.0》（wjm_tcy版）分章节/007.采访序跋类/005.李敖访谈录1990-2018/073.20170222《亚洲周刊》专访李敖.txt || 李敖访谈录1990-2018 / 075.20170411《中国报》报导 / line 19 / 说明：《中国报》探访报道补充28次电疗、标靶药、吞咽困难、凌晨三点工作与《大全集》后45册。 / 《大李敖全集5.0》（wjm_tcy版）分章节/007.采访序跋类/005.李敖访谈录1990-2018/075.20170411《中国报》报导.txt","[{""book"":""李敖访谈录1990-2018"",""chapter"":""073.20170222《亚洲周刊》专访李敖"",""path"":""《大李敖全集5.0》（wjm_tcy版）分章节/007.采访序跋类/005.李敖访谈录1990-2018/073.20170222《亚洲周刊》专访李敖.txt"",""line"":33,""lines"":[33,35,37,39],""note"":""2月22日亚洲周刊夜访中，李敖已说明左腿无力、脑部肿瘤、电疗、吞咽影响与85本《大全集》计划。""},{""book"":""李敖访谈录1990-2018"",""chapter"":""075.20170411《中国报》报导"",""path"":""《大李敖全集5.0》（wjm_tcy版）分章节/007.采访序跋类/005.李敖访谈录1990-2018/075.20170411《中国报》报导.txt"",""line"":19,""lines"":[19,21,59,63,67,69],""note"":""《中国报》探访报道补充28次电疗、标靶药、吞咽困难、凌晨三点工作与《大全集》后45册。""}]","data/timeline-events-sui-qianwan-li-ao-wangyi.json","sui-qianwan-2017-03-21-discloses-brainstem-malignant-tumor-and-treatment","{""id"":""sui-qianwan-2017-03-21-discloses-brainstem-malignant-tumor-and-treatment"",""date"":""2017-03-21"",""displayDate"":""2017年3月21日星期二"",""datePrecision"":""day"",""title"":""李敖公开写出脑干恶性肿瘤，并说已做二十八次放射治疗"",""summary"":""《2017年3月》写，李敖八十岁后不良于行，本以为只是老化，约一个月前才查出脑干恶性肿瘤；他又说自己已做二十八次放射治疗，并天天服用标靶药、类固醇和止痛药。此条是晚年病情线的重要公开节点。"",""view"":[""身体线"",""晚年线"",""医疗线""],""tags"":[""脑干恶性肿瘤"",""放射治疗"",""标靶药"",""类固醇"",""不良于行""],""people"":[""李敖""],""places"":[""台湾""],""works"":[""虽千万人，李敖往矣""],""certainty"":""confirmed"",""crossReferences"":[""sui-qianwan-2016-12-10-taxi-driver-recognizes-voice-and-li-ao-notes-bad-legs"",""sui-qianwan-2017-09-04-writes-will"",""li-ao-fangtanlu-2017-02-22-asia-weekly-home-visit-health-and-daqianji"",""li-ao-fangtanlu-2017-04-11-china-press-malaysia-friends-visit"",""li-ao-fangtanlu-2017-06-farewell-letter-and-zaijian-liao-plan""],""source"":{""book"":""虽千万人，李敖往矣"",""chapter"":""052.2017年3月"",""path"":""《大李敖全集5.0》（wjm_tcy版）分章节/005.诗集语录类/005.虽千万人，李敖往矣/052.2017年3月.txt"",""line"":85},""additionalSources"":[{""book"":""李敖访谈录1990-2018"",""chapter"":""073.20170222《亚洲周刊》专访李敖"",""path"":""《大李敖全集5.0》（wjm_tcy版）分章节/007.采访序跋类/005.李敖访谈录1990-2018/073.20170222《亚洲周刊》专访李敖.txt"",""line"":33,""lines"":[33,35,37,39],""note"":""2月22日亚洲周刊夜访中，李敖已说明左腿无力、脑部肿瘤、电疗、吞咽影响与85本《大全集》计划。""},{""book"":""李敖访谈录1990-2018"",""chapter"":""075.20170411《中国报》报导"",""path"":""《大李敖全集5.0》（wjm_tcy版）分章节/007.采访序跋类/005.李敖访谈录1990-2018/075.20170411《中国报》报导.txt"",""line"":19,""lines"":[19,21,59,63,67,69],""note"":""《中国报》探访报道补充28次电疗、标靶药、吞咽困难、凌晨三点工作与《大全集》后45册。""}],""dataFile"":""data/timeline-events-sui-qianwan-li-ao-wangyi.json""}"
"14002","2017","2017-04-05","2017年4月5日星期三","day","confirmed","李敖把《虚拟的十七岁》送给台北荣总神经内科主任王署君","《2017年4月》写，李敖送一本《虚拟的十七岁》给台北荣民总医院神经内科主任王署君，并说明此书不是黄色小说，而是自己的科技预言，谈“植入”、人工智能与“天人合一”。此条连接晚年医疗关系与旧作再阐释。","李敖、王署君","台北荣民总医院、台湾","王署君、台北荣民总医院、神经内科、虚拟的十七岁、人工智能","医疗线、写作线、晚年线","虽千万人，李敖往矣、虚拟的十七岁","book7-2007-completes-virtual-seventeen-and-launches-it-with-liu-changle-hosting、virtual-seventeen-2008-04-10-writes-about-writing、sui-qianwan-2017-03-21-discloses-brainstem-malignant-tumor-and-treatment","虽千万人，李敖往矣","053.2017年4月","21","《大李敖全集5.0》（wjm_tcy版）分章节/005.诗集语录类/005.虽千万人，李敖往矣/053.2017年4月.txt","","[]","data/timeline-events-sui-qianwan-li-ao-wangyi.json","sui-qianwan-2017-04-05-gives-virtual-seventeen-to-neurologist-wang-shujun","{""id"":""sui-qianwan-2017-04-05-gives-virtual-seventeen-to-neurologist-wang-shujun"",""date"":""2017-04-05"",""displayDate"":""2017年4月5日星期三"",""datePrecision"":""day"",""title"":""李敖把《虚拟的十七岁》送给台北荣总神经内科主任王署君"",""summary"":""《2017年4月》写，李敖送一本《虚拟的十七岁》给台北荣民总医院神经内科主任王署君，并说明此书不是黄色小说，而是自己的科技预言，谈“植入”、人工智能与“天人合一”。此条连接晚年医疗关系与旧作再阐释。"",""view"":[""医疗线"",""写作线"",""晚年线""],""tags"":[""王署君"",""台北荣民总医院"",""神经内科"",""虚拟的十七岁"",""人工智能""],""people"":[""李敖"",""王署君""],""places"":[""台北荣民总医院"",""台湾""],""works"":[""虽千万人，李敖往矣"",""虚拟的十七岁""],""certainty"":""confirmed"",""crossReferences"":[""book7-2007-completes-virtual-seventeen-and-launches-it-with-liu-changle-hosting"",""virtual-seventeen-2008-04-10-writes-about-writing"",""sui-qianwan-2017-03-21-discloses-brainstem-malignant-tumor-and-treatment""],""source"":{""book"":""虽千万人，李敖往矣"",""chapter"":""053.2017年4月"",""path"":""《大李敖全集5.0》（wjm_tcy版）分章节/005.诗集语录类/005.虽千万人，李敖往矣/053.2017年4月.txt"",""line"":21},""dataFile"":""data/timeline-events-sui-qianwan-li-ao-wangyi.json""}"
"14003","2017","2017-06-09","2017年6月9日星期五","day","confirmed","在飞页书屋举办最后一次演讲","《李敖五十年表》记，2017年6月9日，李敖在飞页书屋举办最后一次演讲。同章并记他当年6月写下《致家人、友人、仇人的告别信》，透露脑瘤、放疗与两次急性肺炎后的痛苦处境，因此这条不仅是演讲线收束点，也成为晚年公开活动渐近终点的关键节点。","李敖","飞页书屋","飞页书屋、最后一次演讲、告别信、晚年","演讲线、生平线、媒体线","致家人、友人、仇人的告别信、李敖相关","li-ao-fangtanlu-2017-06-farewell-letter-and-zaijian-liao-plan","李敖相关","001.李敖五十年表","191","《大李敖全集5.0》（wjm_tcy版）分章节/001.自传回忆类/008.李敖相关/001.李敖五十年表.txt","李敖访谈录1990-2018 / 076.2018《新民周刊》回顾专访 / line 13 / 说明：《新民周刊》回顾补述2017年6月告别信、余月编《大全集》目录和影像谢幕安排。 / 《大李敖全集5.0》（wjm_tcy版）分章节/007.采访序跋类/005.李敖访谈录1990-2018/076.2018《新民周刊》回顾专访.txt || 李敖访谈录1990-2018 / 077.20180319《北京青年报》报导 / line 17 / 说明：《北京青年报》报道补述亲笔信与《再见李敖》50集访谈节目构想。 / 《大李敖全集5.0》（wjm_tcy版）分章节/007.采访序跋类/005.李敖访谈录1990-2018/077.20180319《北京青年报》报导.txt","[{""book"":""李敖访谈录1990-2018"",""chapter"":""076.2018《新民周刊》回顾专访"",""path"":""《大李敖全集5.0》（wjm_tcy版）分章节/007.采访序跋类/005.李敖访谈录1990-2018/076.2018《新民周刊》回顾专访.txt"",""line"":13,""lines"":[13,15,17],""note"":""《新民周刊》回顾补述2017年6月告别信、余月编《大全集》目录和影像谢幕安排。""},{""book"":""李敖访谈录1990-2018"",""chapter"":""077.20180319《北京青年报》报导"",""path"":""《大李敖全集5.0》（wjm_tcy版）分章节/007.采访序跋类/005.李敖访谈录1990-2018/077.20180319《北京青年报》报导.txt"",""line"":17,""lines"":[17,19],""note"":""《北京青年报》报道补述亲笔信与《再见李敖》50集访谈节目构想。""}]","data/timeline-events-eighth-book.json","book8-2017-06-09-gives-last-public-lecture-at-flypage-bookstore","{""id"":""book8-2017-06-09-gives-last-public-lecture-at-flypage-bookstore"",""date"":""2017-06-09"",""displayDate"":""2017年6月9日星期五"",""datePrecision"":""day"",""title"":""在飞页书屋举办最后一次演讲"",""summary"":""《李敖五十年表》记，2017年6月9日，李敖在飞页书屋举办最后一次演讲。同章并记他当年6月写下《致家人、友人、仇人的告别信》，透露脑瘤、放疗与两次急性肺炎后的痛苦处境，因此这条不仅是演讲线收束点，也成为晚年公开活动渐近终点的关键节点。"",""view"":[""演讲线"",""生平线"",""媒体线""],""tags"":[""飞页书屋"",""最后一次演讲"",""告别信"",""晚年""],""people"":[""李敖""],""places"":[""飞页书屋""],""works"":[""致家人、友人、仇人的告别信"",""李敖相关""],""certainty"":""confirmed"",""source"":{""book"":""李敖相关"",""chapter"":""001.李敖五十年表"",""path"":""《大李敖全集5.0》（wjm_tcy版）分章节/001.自传回忆类/008.李敖相关/001.李敖五十年表.txt"",""line"":191},""additionalSources"":[{""book"":""李敖访谈录1990-2018"",""chapter"":""076.2018《新民周刊》回顾专访"",""path"":""《大李敖全集5.0》（wjm_tcy版）分章节/007.采访序跋类/005.李敖访谈录1990-2018/076.2018《新民周刊》回顾专访.txt"",""line"":13,""lines"":[13,15,17],""note"":""《新民周刊》回顾补述2017年6月告别信、余月编《大全集》目录和影像谢幕安排。""},{""book"":""李敖访谈录1990-2018"",""chapter"":""077.20180319《北京青年报》报导"",""path"":""《大李敖全集5.0》（wjm_tcy版）分章节/007.采访序跋类/005.李敖访谈录1990-2018/077.20180319《北京青年报》报导.txt"",""line"":17,""lines"":[17,19],""note"":""《北京青年报》报道补述亲笔信与《再见李敖》50集访谈节目构想。""}],""crossReferences"":[""li-ao-fangtanlu-2017-06-farewell-letter-and-zaijian-liao-plan""],""dataFile"":""data/timeline-events-eighth-book.json""}"
"14004","2017","2017-09-04","2017年9月4日星期一","day","confirmed","李敖立遗嘱，安排著作权、保险金和给李文的月付事项","《李敖遗嘱》收录“立遗嘱人李敖亲笔如下”，文中安排其著作著作权已赠与王志慧，待李戡有能力经营时全数移转予李戡；富邦人寿保险金由李谌为受益人取得；并委由陈境圳每月支付美金1000元予李文至70岁，但若李文对王志慧、李戡、李谌提出诉讼或骚扰行为即丧失权利。遗嘱署2017年9月4日。","李敖、王志慧、李戡、李谌、陈境圳、李文","台湾","虽千万人，李敖往矣、遗嘱、著作权、王志慧、李戡、李谌、李文、陈境圳","家庭线、出版线、晚年线","虽千万人，李敖往矣、李敖遗嘱","","虽千万人，李敖往矣","056.李敖遗嘱","5","《大李敖全集5.0》（wjm_tcy版）分章节/005.诗集语录类/005.虽千万人，李敖往矣/056.李敖遗嘱.txt","虽千万人，李敖往矣 / 056.李敖遗嘱 / line 7 / 说明：著作权赠与王志慧，并待李戡能经营时移转。 / 《大李敖全集5.0》（wjm_tcy版）分章节/005.诗集语录类/005.虽千万人，李敖往矣/056.李敖遗嘱.txt || 虽千万人，李敖往矣 / 056.李敖遗嘱 / line 9 / 说明：富邦人寿保险金由李谌为受益人取得。 / 《大李敖全集5.0》（wjm_tcy版）分章节/005.诗集语录类/005.虽千万人，李敖往矣/056.李敖遗嘱.txt || 虽千万人，李敖往矣 / 056.李敖遗嘱 / line 11 / 说明：陈境圳每月支付美金1000元给李文及丧失权利条件。 / 《大李敖全集5.0》（wjm_tcy版）分章节/005.诗集语录类/005.虽千万人，李敖往矣/056.李敖遗嘱.txt || 虽千万人，李敖往矣 / 056.李敖遗嘱 / line 19 / 说明：遗嘱署日为2017年9月4日。 / 《大李敖全集5.0》（wjm_tcy版）分章节/005.诗集语录类/005.虽千万人，李敖往矣/056.李敖遗嘱.txt","[{""book"":""虽千万人，李敖往矣"",""chapter"":""056.李敖遗嘱"",""path"":""《大李敖全集5.0》（wjm_tcy版）分章节/005.诗集语录类/005.虽千万人，李敖往矣/056.李敖遗嘱.txt"",""line"":7,""note"":""著作权赠与王志慧，并待李戡能经营时移转。""},{""book"":""虽千万人，李敖往矣"",""chapter"":""056.李敖遗嘱"",""path"":""《大李敖全集5.0》（wjm_tcy版）分章节/005.诗集语录类/005.虽千万人，李敖往矣/056.李敖遗嘱.txt"",""line"":9,""note"":""富邦人寿保险金由李谌为受益人取得。""},{""book"":""虽千万人，李敖往矣"",""chapter"":""056.李敖遗嘱"",""path"":""《大李敖全集5.0》（wjm_tcy版）分章节/005.诗集语录类/005.虽千万人，李敖往矣/056.李敖遗嘱.txt"",""line"":11,""note"":""陈境圳每月支付美金1000元给李文及丧失权利条件。""},{""book"":""虽千万人，李敖往矣"",""chapter"":""056.李敖遗嘱"",""path"":""《大李敖全集5.0》（wjm_tcy版）分章节/005.诗集语录类/005.虽千万人，李敖往矣/056.李敖遗嘱.txt"",""line"":19,""note"":""遗嘱署日为2017年9月4日。""}]","data/timeline-events-sui-qianwan-li-ao-wangyi.json","sui-qianwan-2017-09-04-writes-will","{""id"":""sui-qianwan-2017-09-04-writes-will"",""date"":""2017-09-04"",""displayDate"":""2017年9月4日星期一"",""datePrecision"":""day"",""title"":""李敖立遗嘱，安排著作权、保险金和给李文的月付事项"",""summary"":""《李敖遗嘱》收录“立遗嘱人李敖亲笔如下”，文中安排其著作著作权已赠与王志慧，待李戡有能力经营时全数移转予李戡；富邦人寿保险金由李谌为受益人取得；并委由陈境圳每月支付美金1000元予李文至70岁，但若李文对王志慧、李戡、李谌提出诉讼或骚扰行为即丧失权利。遗嘱署2017年9月4日。"",""view"":[""家庭线"",""出版线"",""晚年线""],""tags"":[""虽千万人，李敖往矣"",""遗嘱"",""著作权"",""王志慧"",""李戡"",""李谌"",""李文"",""陈境圳""],""people"":[""李敖"",""王志慧"",""李戡"",""李谌"",""陈境圳"",""李文""],""places"":[""台湾""],""works"":[""虽千万人，李敖往矣"",""李敖遗嘱""],""certainty"":""confirmed"",""source"":{""book"":""虽千万人，李敖往矣"",""chapter"":""056.李敖遗嘱"",""path"":""《大李敖全集5.0》（wjm_tcy版）分章节/005.诗集语录类/005.虽千万人，李敖往矣/056.李敖遗嘱.txt"",""line"":5},""additionalSources"":[{""book"":""虽千万人，李敖往矣"",""chapter"":""056.李敖遗嘱"",""path"":""《大李敖全集5.0》（wjm_tcy版）分章节/005.诗集语录类/005.虽千万人，李敖往矣/056.李敖遗嘱.txt"",""line"":7,""note"":""著作权赠与王志慧，并待李戡能经营时移转。""},{""book"":""虽千万人，李敖往矣"",""chapter"":""056.李敖遗嘱"",""path"":""《大李敖全集5.0》（wjm_tcy版）分章节/005.诗集语录类/005.虽千万人，李敖往矣/056.李敖遗嘱.txt"",""line"":9,""note"":""富邦人寿保险金由李谌为受益人取得。""},{""book"":""虽千万人，李敖往矣"",""chapter"":""056.李敖遗嘱"",""path"":""《大李敖全集5.0》（wjm_tcy版）分章节/005.诗集语录类/005.虽千万人，李敖往矣/056.李敖遗嘱.txt"",""line"":11,""note"":""陈境圳每月支付美金1000元给李文及丧失权利条件。""},{""book"":""虽千万人，李敖往矣"",""chapter"":""056.李敖遗嘱"",""path"":""《大李敖全集5.0》（wjm_tcy版）分章节/005.诗集语录类/005.虽千万人，李敖往矣/056.李敖遗嘱.txt"",""line"":19,""note"":""遗嘱署日为2017年9月4日。""}],""dataFile"":""data/timeline-events-sui-qianwan-li-ao-wangyi.json""}"
"14005","2017","2017-04-11","2017年4月11日报道前，台北寓所","month","reported","《中国报》报道马来西亚友人探访病中李敖","《中国报》4月11日报道，月前一个晚上，江迅、李桑等马来西亚友人到李敖台北寓所探访。李敖倚靠购物车或拐杖开门，和来客聊近一小时四十分钟；面对江迅拥抱落泪，他调侃“我都还没死”。在台北寓所谈话中，他因怕坐飞机和失联婉拒马来西亚之行，又说与台北医院医生讨价还价后被允许每天工作15个小时，半夜三点起工；他在病中感到“想做的很多，能做的时间很少”，仍继续阅读、研撰和编《李敖大全集》后传部分45册。","李敖、江迅、李桑、陈文茜","台北寓所、台北、马来西亚、北京故宫","中国报、马来西亚友人、病中探访、李敖大全集、半夜三点工作","探访线、健康线、出版线、收藏线、晚年线","李敖访谈录1990-2018、李敖大全集","li-ao-fangtanlu-2017-02-22-asia-weekly-home-visit-health-and-daqianji、sui-qianwan-2017-03-21-discloses-brainstem-malignant-tumor-and-treatment","李敖访谈录1990-2018","075.20170411《中国报》报导","11","《大李敖全集5.0》（wjm_tcy版）分章节/007.采访序跋类/005.李敖访谈录1990-2018/075.20170411《中国报》报导.txt","","[]","data/timeline-events-li-ao-fangtanlu-1990-2018.json","li-ao-fangtanlu-2017-04-11-china-press-malaysia-friends-visit","{""id"":""li-ao-fangtanlu-2017-04-11-china-press-malaysia-friends-visit"",""date"":""2017-04-11"",""displayDate"":""2017年4月11日报道前，台北寓所"",""datePrecision"":""month"",""title"":""《中国报》报道马来西亚友人探访病中李敖"",""summary"":""《中国报》4月11日报道，月前一个晚上，江迅、李桑等马来西亚友人到李敖台北寓所探访。李敖倚靠购物车或拐杖开门，和来客聊近一小时四十分钟；面对江迅拥抱落泪，他调侃“我都还没死”。在台北寓所谈话中，他因怕坐飞机和失联婉拒马来西亚之行，又说与台北医院医生讨价还价后被允许每天工作15个小时，半夜三点起工；他在病中感到“想做的很多，能做的时间很少”，仍继续阅读、研撰和编《李敖大全集》后传部分45册。"",""category"":""visit"",""type"":""李敖当事人事件"",""source"":{""book"":""李敖访谈录1990-2018"",""chapter"":""075.20170411《中国报》报导"",""path"":""《大李敖全集5.0》（wjm_tcy版）分章节/007.采访序跋类/005.李敖访谈录1990-2018/075.20170411《中国报》报导.txt"",""line"":11,""lines"":[11,15,19,21,27,29,31,35,37,41,43,51,53,59,63,67,69]},""certainty"":""reported"",""tags"":[""中国报"",""马来西亚友人"",""病中探访"",""李敖大全集"",""半夜三点工作""],""people"":[""李敖"",""江迅"",""李桑"",""陈文茜""],""places"":[""台北寓所"",""台北"",""马来西亚"",""北京故宫""],""works"":[""李敖访谈录1990-2018"",""李敖大全集""],""view"":[""探访线"",""健康线"",""出版线"",""收藏线"",""晚年线""],""crossReferences"":[""li-ao-fangtanlu-2017-02-22-asia-weekly-home-visit-health-and-daqianji"",""sui-qianwan-2017-03-21-discloses-brainstem-malignant-tumor-and-treatment""],""dataFile"":""data/timeline-events-li-ao-fangtanlu-1990-2018.json""}"
"14006","2017","2017-06-30","2017年6月","month","confirmed","李敖写《致家人、友人、仇人的告别信》，安排影像告别和《再见李敖》","2017年6月，李敖写《致家人、友人、仇人的告别信》，说自己查出脑瘤、做完放射治疗后每天服类固醇，又两次因急性肺炎住院，痛苦得像接近地狱。此后几个月里，他和助手忙着编选《李敖大全集》第41至85册目录；在告别信和视频节目安排中，他说医生要他抓紧想做、想干的事，他就想在余下时间里同家人、友人、仇人再见一面，并计划通过《再见李敖》邀请来宾到台北书房吃饭、合影、看猫，留下人生谢幕影像。","李敖、郑乃嘉、李戡","台北、李敖书房","告别信、再见李敖、李敖大全集、脑瘤、急性肺炎、台北书房","健康线、出版线、媒体线、晚年线","李敖访谈录1990-2018、致家人、友人、仇人的告别信、李敖大全集、再见李敖","book8-2017-06-09-gives-last-public-lecture-at-flypage-bookstore、sui-qianwan-2017-03-21-discloses-brainstem-malignant-tumor-and-treatment、book8-2018-03-18-li-ao-dies","李敖访谈录1990-2018","076.2018《新民周刊》回顾专访","13","《大李敖全集5.0》（wjm_tcy版）分章节/007.采访序跋类/005.李敖访谈录1990-2018/076.2018《新民周刊》回顾专访.txt","李敖访谈录1990-2018 / 077.20180319《北京青年报》报导 / line 15 / 说明：《北京青年报》补述2017年6月视频节目画面、亲笔信内容和《再见李敖》计划。 / 《大李敖全集5.0》（wjm_tcy版）分章节/007.采访序跋类/005.李敖访谈录1990-2018/077.20180319《北京青年报》报导.txt","[{""book"":""李敖访谈录1990-2018"",""chapter"":""077.20180319《北京青年报》报导"",""path"":""《大李敖全集5.0》（wjm_tcy版）分章节/007.采访序跋类/005.李敖访谈录1990-2018/077.20180319《北京青年报》报导.txt"",""line"":15,""lines"":[15,17,19],""note"":""《北京青年报》补述2017年6月视频节目画面、亲笔信内容和《再见李敖》计划。""}]","data/timeline-events-li-ao-fangtanlu-1990-2018.json","li-ao-fangtanlu-2017-06-farewell-letter-and-zaijian-liao-plan","{""id"":""li-ao-fangtanlu-2017-06-farewell-letter-and-zaijian-liao-plan"",""date"":""2017-06-30"",""displayDate"":""2017年6月"",""datePrecision"":""month"",""title"":""李敖写《致家人、友人、仇人的告别信》，安排影像告别和《再见李敖》"",""summary"":""2017年6月，李敖写《致家人、友人、仇人的告别信》，说自己查出脑瘤、做完放射治疗后每天服类固醇，又两次因急性肺炎住院，痛苦得像接近地狱。此后几个月里，他和助手忙着编选《李敖大全集》第41至85册目录；在告别信和视频节目安排中，他说医生要他抓紧想做、想干的事，他就想在余下时间里同家人、友人、仇人再见一面，并计划通过《再见李敖》邀请来宾到台北书房吃饭、合影、看猫，留下人生谢幕影像。"",""category"":""health"",""type"":""李敖当事人事件"",""source"":{""book"":""李敖访谈录1990-2018"",""chapter"":""076.2018《新民周刊》回顾专访"",""path"":""《大李敖全集5.0》（wjm_tcy版）分章节/007.采访序跋类/005.李敖访谈录1990-2018/076.2018《新民周刊》回顾专访.txt"",""line"":13,""lines"":[11,13,15,17]},""additionalSources"":[{""book"":""李敖访谈录1990-2018"",""chapter"":""077.20180319《北京青年报》报导"",""path"":""《大李敖全集5.0》（wjm_tcy版）分章节/007.采访序跋类/005.李敖访谈录1990-2018/077.20180319《北京青年报》报导.txt"",""line"":15,""lines"":[15,17,19],""note"":""《北京青年报》补述2017年6月视频节目画面、亲笔信内容和《再见李敖》计划。""}],""certainty"":""confirmed"",""tags"":[""告别信"",""再见李敖"",""李敖大全集"",""脑瘤"",""急性肺炎"",""台北书房""],""people"":[""李敖"",""郑乃嘉"",""李戡""],""places"":[""台北"",""李敖书房""],""works"":[""李敖访谈录1990-2018"",""致家人、友人、仇人的告别信"",""李敖大全集"",""再见李敖""],""view"":[""健康线"",""出版线"",""媒体线"",""晚年线""],""crossReferences"":[""book8-2017-06-09-gives-last-public-lecture-at-flypage-bookstore"",""sui-qianwan-2017-03-21-discloses-brainstem-malignant-tumor-and-treatment"",""book8-2018-03-18-li-ao-dies""],""dataFile"":""data/timeline-events-li-ao-fangtanlu-1990-2018.json""}"
"14007","2017","2017-10-31","2017年10月出院后一周前后","month","reported","李敖出院回家后仍赶编《大全集》，随后向郑乃嘉承认85本做不完","2017年10月，标靶药物似乎起效，李敖觉得状态恢复，当即要求出院回家，不顾劝阻想赶着把《李敖大全集》编完。太太把除菌仪器搬回家并挡住访客，但李敖仍让陶冬冬看望，用很低的音量聊了两个小时拍卖藏品的事，想请他找台办，把藏品一半捐献、一半拍卖。出院一个礼拜后，李敖坐在轮椅上找郑乃嘉到家里，流泪说85本《大全集》做不完了，不知道怎么收尾，努力很久的视频节目计划也只能暂停。","李敖、陶冬冬、郑乃嘉、李敖太太","台北、李敖家中","标靶药物、出院、李敖大全集、藏品拍卖、视频节目暂停","健康线、出版线、收藏线、媒体线、晚年线","李敖访谈录1990-2018、李敖大全集、再见李敖","li-ao-fangtanlu-2017-06-farewell-letter-and-zaijian-liao-plan、book8-2018-03-18-li-ao-dies","李敖访谈录1990-2018","078.20180329腾讯新闻报导","7","《大李敖全集5.0》（wjm_tcy版）分章节/007.采访序跋类/005.李敖访谈录1990-2018/078.20180329腾讯新闻报导.txt","","[]","data/timeline-events-li-ao-fangtanlu-1990-2018.json","li-ao-fangtanlu-2017-10-discharged-and-concedes-85-books-unfinished","{""id"":""li-ao-fangtanlu-2017-10-discharged-and-concedes-85-books-unfinished"",""date"":""2017-10-31"",""displayDate"":""2017年10月出院后一周前后"",""datePrecision"":""month"",""title"":""李敖出院回家后仍赶编《大全集》，随后向郑乃嘉承认85本做不完"",""summary"":""2017年10月，标靶药物似乎起效，李敖觉得状态恢复，当即要求出院回家，不顾劝阻想赶着把《李敖大全集》编完。太太把除菌仪器搬回家并挡住访客，但李敖仍让陶冬冬看望，用很低的音量聊了两个小时拍卖藏品的事，想请他找台办，把藏品一半捐献、一半拍卖。出院一个礼拜后，李敖坐在轮椅上找郑乃嘉到家里，流泪说85本《大全集》做不完了，不知道怎么收尾，努力很久的视频节目计划也只能暂停。"",""category"":""health"",""type"":""李敖当事人事件"",""source"":{""book"":""李敖访谈录1990-2018"",""chapter"":""078.20180329腾讯新闻报导"",""path"":""《大李敖全集5.0》（wjm_tcy版）分章节/007.采访序跋类/005.李敖访谈录1990-2018/078.20180329腾讯新闻报导.txt"",""line"":7,""lines"":[7,9,11,13,15]},""certainty"":""reported"",""tags"":[""标靶药物"",""出院"",""李敖大全集"",""藏品拍卖"",""视频节目暂停""],""people"":[""李敖"",""陶冬冬"",""郑乃嘉"",""李敖太太""],""places"":[""台北"",""李敖家中""],""works"":[""李敖访谈录1990-2018"",""李敖大全集"",""再见李敖""],""view"":[""健康线"",""出版线"",""收藏线"",""媒体线"",""晚年线""],""crossReferences"":[""li-ao-fangtanlu-2017-06-farewell-letter-and-zaijian-liao-plan"",""book8-2018-03-18-li-ao-dies""],""dataFile"":""data/timeline-events-li-ao-fangtanlu-1990-2018.json""}"
"14008","2017","2017-11-30","2017年11月","month","reported-by-third-party","舞台剧《北京法源寺》到台北演出时，李敖已在医院昏迷","《北京青年报》报道说，舞台剧《北京法源寺》北京首演时李敖因北京冬天太冷未能到场；2017年11月该剧抵达台北时，李敖已经昏迷在医院，演员只能在李戡陪同下到李敖书房参观。此条是作品改编在李敖晚年发生的接受史节点，主体为第三方报道，不是李敖本人行动。","李敖、田沁鑫、李戡","台北、北京、李敖书房","北京法源寺、舞台剧、台北演出、田沁鑫、李戡、晚年、第三方报道","改编线、晚年线、家庭线","北京法源寺、北京青年报","beijing-fayuansi-2012-tian-qinxin-adaptation-study-meetings、book8-2018-03-18-li-ao-dies","李敖访谈录1990-2018","077.20180319《北京青年报》报导","37","《大李敖全集5.0》（wjm_tcy版）分章节/007.采访序跋类/005.李敖访谈录1990-2018/077.20180319《北京青年报》报导.txt","","[]","data/timeline-events-beijing-fayuansi.json","beijing-fayuansi-2017-11-stage-play-taipei-while-hospitalized","{""id"":""beijing-fayuansi-2017-11-stage-play-taipei-while-hospitalized"",""date"":""2017-11-30"",""displayDate"":""2017年11月"",""datePrecision"":""month"",""title"":""舞台剧《北京法源寺》到台北演出时，李敖已在医院昏迷"",""summary"":""《北京青年报》报道说，舞台剧《北京法源寺》北京首演时李敖因北京冬天太冷未能到场；2017年11月该剧抵达台北时，李敖已经昏迷在医院，演员只能在李戡陪同下到李敖书房参观。此条是作品改编在李敖晚年发生的接受史节点，主体为第三方报道，不是李敖本人行动。"",""view"":[""改编线"",""晚年线"",""家庭线""],""tags"":[""北京法源寺"",""舞台剧"",""台北演出"",""田沁鑫"",""李戡"",""晚年"",""第三方报道""],""people"":[""李敖"",""田沁鑫"",""李戡""],""places"":[""台北"",""北京"",""李敖书房""],""works"":[""北京法源寺"",""北京青年报""],""certainty"":""reported-by-third-party"",""source"":{""book"":""李敖访谈录1990-2018"",""chapter"":""077.20180319《北京青年报》报导"",""path"":""《大李敖全集5.0》（wjm_tcy版）分章节/007.采访序跋类/005.李敖访谈录1990-2018/077.20180319《北京青年报》报导.txt"",""line"":37,""note"":""第三方报道；事件主体为作品改编到台北，非李敖本人行动。""},""crossReferences"":[""beijing-fayuansi-2012-tian-qinxin-adaptation-study-meetings"",""book8-2018-03-18-li-ao-dies""],""dataFile"":""data/timeline-events-beijing-fayuansi.json""}"
"14009","2017","2017-12-31","2017年底至2018年3月18日前最后一段时间","undated-context","reported","李敖晚年复健、想再开刀，最后对陈文茜说“我要走了”","腾讯新闻2018年3月29日报道，李敖最后阶段仍以玩笑抵抗病情：陈文茜去看他做复健时，他说要“特别表演”，稍歇后又伤感说自己一生想争取、想奋斗，结果一场空；临终三四个月前，李敖在病房还有再次开刀的想法，但医生不主张，他私下对赖岳忠说“我的时间不多了”。最后一段时间，陈文茜赶到病房，他紧握她的手，始终不说“死”字，只留下“我要走了，这一次你救不了我的”这句话。","李敖、陈文茜、赖岳忠、Vicky","台北病房、复健场所","复健、再次开刀想法、临终病房、陈文茜、赖岳忠","健康线、晚年线、交游线","李敖访谈录1990-2018","li-ao-fangtanlu-2017-10-discharged-and-concedes-85-books-unfinished、book8-2018-03-18-li-ao-dies","李敖访谈录1990-2018","078.20180329腾讯新闻报导","17","《大李敖全集5.0》（wjm_tcy版）分章节/007.采访序跋类/005.李敖访谈录1990-2018/078.20180329腾讯新闻报导.txt","","[]","data/timeline-events-li-ao-fangtanlu-1990-2018.json","li-ao-fangtanlu-2018-03-18-final-months-rehab-and-last-words","{""id"":""li-ao-fangtanlu-2018-03-18-final-months-rehab-and-last-words"",""date"":""2017-12-31"",""displayDate"":""2017年底至2018年3月18日前最后一段时间"",""datePrecision"":""undated-context"",""title"":""李敖晚年复健、想再开刀，最后对陈文茜说“我要走了”"",""summary"":""腾讯新闻2018年3月29日报道，李敖最后阶段仍以玩笑抵抗病情：陈文茜去看他做复健时，他说要“特别表演”，稍歇后又伤感说自己一生想争取、想奋斗，结果一场空；临终三四个月前，李敖在病房还有再次开刀的想法，但医生不主张，他私下对赖岳忠说“我的时间不多了”。最后一段时间，陈文茜赶到病房，他紧握她的手，始终不说“死”字，只留下“我要走了，这一次你救不了我的”这句话。"",""category"":""health"",""type"":""李敖当事人事件"",""source"":{""book"":""李敖访谈录1990-2018"",""chapter"":""078.20180329腾讯新闻报导"",""path"":""《大李敖全集5.0》（wjm_tcy版）分章节/007.采访序跋类/005.李敖访谈录1990-2018/078.20180329腾讯新闻报导.txt"",""line"":17,""lines"":[17,19,21,23,25]},""certainty"":""reported"",""tags"":[""复健"",""再次开刀想法"",""临终病房"",""陈文茜"",""赖岳忠""],""people"":[""李敖"",""陈文茜"",""赖岳忠"",""Vicky""],""places"":[""台北病房"",""复健场所""],""works"":[""李敖访谈录1990-2018""],""view"":[""健康线"",""晚年线"",""交游线""],""crossReferences"":[""li-ao-fangtanlu-2017-10-discharged-and-concedes-85-books-unfinished"",""book8-2018-03-18-li-ao-dies""],""dataFile"":""data/timeline-events-li-ao-fangtanlu-1990-2018.json""}"
"14010","2018","2018-03-18","2018年3月18日星期日","day","confirmed","李敖逝世","《李敖五十年表》记，2018年3月18日上午10时59分，李敖与世长辞。后续报道补明，他在台北荣民总医院因脑癌安然离世，享年83岁；家属说明一切遵照他的意愿和一贯作风，不举行告别式、追思会等任何活动，一切从简。对整个“大而全的李敖年表”而言，这是必须明确落库的终点节点。","李敖","台湾","逝世、终点节点、上帝李","生平线、家庭线","李敖相关","li-ao-fangtanlu-2017-06-farewell-letter-and-zaijian-liao-plan、li-ao-fangtanlu-2017-10-discharged-and-concedes-85-books-unfinished、li-ao-fangtanlu-2018-03-18-final-months-rehab-and-last-words","李敖相关","001.李敖五十年表","193","《大李敖全集5.0》（wjm_tcy版）分章节/001.自传回忆类/008.李敖相关/001.李敖五十年表.txt","李敖访谈录1990-2018 / 076.2018《新民周刊》回顾专访 / line 11 / 说明：《新民周刊》回顾报道记录2018年3月18日上午10点59分去世，李戡说明不举行告别式、追思会。 / 《大李敖全集5.0》（wjm_tcy版）分章节/007.采访序跋类/005.李敖访谈录1990-2018/076.2018《新民周刊》回顾专访.txt || 李敖访谈录1990-2018 / 077.20180319《北京青年报》报导 / line 9 / 说明：《北京青年报》报道补充荣民总医院病程说明、家属说明和李戡微博。 / 《大李敖全集5.0》（wjm_tcy版）分章节/007.采访序跋类/005.李敖访谈录1990-2018/077.20180319《北京青年报》报导.txt","[{""book"":""李敖访谈录1990-2018"",""chapter"":""076.2018《新民周刊》回顾专访"",""path"":""《大李敖全集5.0》（wjm_tcy版）分章节/007.采访序跋类/005.李敖访谈录1990-2018/076.2018《新民周刊》回顾专访.txt"",""line"":11,""lines"":[11],""note"":""《新民周刊》回顾报道记录2018年3月18日上午10点59分去世，李戡说明不举行告别式、追思会。""},{""book"":""李敖访谈录1990-2018"",""chapter"":""077.20180319《北京青年报》报导"",""path"":""《大李敖全集5.0》（wjm_tcy版）分章节/007.采访序跋类/005.李敖访谈录1990-2018/077.20180319《北京青年报》报导.txt"",""line"":9,""lines"":[9,11,13],""note"":""《北京青年报》报道补充荣民总医院病程说明、家属说明和李戡微博。""}]","data/timeline-events-eighth-book.json","book8-2018-03-18-li-ao-dies","{""id"":""book8-2018-03-18-li-ao-dies"",""date"":""2018-03-18"",""displayDate"":""2018年3月18日星期日"",""datePrecision"":""day"",""title"":""李敖逝世"",""summary"":""《李敖五十年表》记，2018年3月18日上午10时59分，李敖与世长辞。后续报道补明，他在台北荣民总医院因脑癌安然离世，享年83岁；家属说明一切遵照他的意愿和一贯作风，不举行告别式、追思会等任何活动，一切从简。对整个“大而全的李敖年表”而言，这是必须明确落库的终点节点。"",""view"":[""生平线"",""家庭线""],""tags"":[""逝世"",""终点节点"",""上帝李""],""people"":[""李敖""],""places"":[""台湾""],""works"":[""李敖相关""],""certainty"":""confirmed"",""source"":{""book"":""李敖相关"",""chapter"":""001.李敖五十年表"",""path"":""《大李敖全集5.0》（wjm_tcy版）分章节/001.自传回忆类/008.李敖相关/001.李敖五十年表.txt"",""line"":193},""additionalSources"":[{""book"":""李敖访谈录1990-2018"",""chapter"":""076.2018《新民周刊》回顾专访"",""path"":""《大李敖全集5.0》（wjm_tcy版）分章节/007.采访序跋类/005.李敖访谈录1990-2018/076.2018《新民周刊》回顾专访.txt"",""line"":11,""lines"":[11],""note"":""《新民周刊》回顾报道记录2018年3月18日上午10点59分去世，李戡说明不举行告别式、追思会。""},{""book"":""李敖访谈录1990-2018"",""chapter"":""077.20180319《北京青年报》报导"",""path"":""《大李敖全集5.0》（wjm_tcy版）分章节/007.采访序跋类/005.李敖访谈录1990-2018/077.20180319《北京青年报》报导.txt"",""line"":9,""lines"":[9,11,13],""note"":""《北京青年报》报道补充荣民总医院病程说明、家属说明和李戡微博。""}],""crossReferences"":[""li-ao-fangtanlu-2017-06-farewell-letter-and-zaijian-liao-plan"",""li-ao-fangtanlu-2017-10-discharged-and-concedes-85-books-unfinished"",""li-ao-fangtanlu-2018-03-18-final-months-rehab-and-last-words""],""dataFile"":""data/timeline-events-eighth-book.json""}"
